{
    "version": "0.4",
    "title": "Call to Action v2",
    "type": "section",
    "metadata": {
        "template_type": "section-cta",
        "include_in_zip": "1",
        "elementor_pro_required": null,
        "wp_page_template": "elementor_canvas"
    },
    "content": [
        {
            "id": "1730cfb",
            "settings": {
                "margin": {
                    "unit": "px",
                    "top": "0",
                    "right": 0,
                    "bottom": "0",
                    "left": 0,
                    "isLinked": false
                },
                "margin_mobile": {
                    "unit": "px",
                    "top": "0",
                    "right": 0,
                    "bottom": "0",
                    "left": 0,
                    "isLinked": false
                },
                "padding": {
                    "unit": "px",
                    "top": "50",
                    "right": "0",
                    "bottom": "50",
                    "left": "0",
                    "isLinked": false
                },
                "padding_tablet": {
                    "unit": "px",
                    "top": "40",
                    "right": "0",
                    "bottom": "40",
                    "left": "0",
                    "isLinked": false
                }
            },
            "elements": [
                {
                    "id": "6c4f9875",
                    "settings": {
                        "_column_size": 100,
                        "_inline_size": null
                    },
                    "elements": [
                        {
                            "id": "5ef29200",
                            "settings": {
                                "structure": "20",
                                "background_background": "classic",
                                "border_radius": {
                                    "unit": "px",
                                    "top": "6",
                                    "right": "6",
                                    "bottom": "6",
                                    "left": "6",
                                    "isLinked": true
                                },
                                "shape_divider_top_height": {
                                    "unit": "px",
                                    "size": 20,
                                    "sizes": []
                                },
                                "shape_divider_top_above_content": "yes",
                                "shape_divider_bottom_height": {
                                    "unit": "px",
                                    "size": 20,
                                    "sizes": []
                                },
                                "shape_divider_bottom_flip": "yes",
                                "padding": {
                                    "unit": "px",
                                    "top": "60",
                                    "right": "60",
                                    "bottom": "60",
                                    "left": "60",
                                    "isLinked": true
                                },
                                "padding_mobile": {
                                    "unit": "px",
                                    "top": "50",
                                    "right": "40",
                                    "bottom": "50",
                                    "left": "40",
                                    "isLinked": false
                                },
                                "background_image": {
                                    "url": "https:\/\/kits.pixel-show.com\/veapp\/wp-content\/uploads\/sites\/15\/2020\/04\/back-panel-min.png",
                                    "id": 239
                                },
                                "background_position": "center center",
                                "background_repeat": "no-repeat",
                                "background_size": "contain",
                                "background_size_tablet": "initial",
                                "background_bg_width_tablet": {
                                    "unit": "%",
                                    "size": 1000,
                                    "sizes": []
                                },
                                "border_radius_tablet": {
                                    "unit": "px",
                                    "top": "6",
                                    "right": "6",
                                    "bottom": "6",
                                    "left": "6",
                                    "isLinked": true
                                }
                            },
                            "elements": [
                                {
                                    "id": "72de2e49",
                                    "settings": {
                                        "_column_size": 50,
                                        "_inline_size": 70,
                                        "_inline_size_tablet": 100
                                    },
                                    "elements": [
                                        {
                                            "id": "3d94c704",
                                            "settings": {
                                                "title": "The Best Solutions for<br>\nAgencies and Business Companies",
                                                "header_size": "h3",
                                                "title_color": "#FFFFFF",
                                                "typography_typography": "custom",
                                                "typography_line_height": {
                                                    "unit": "em",
                                                    "size": 1.2,
                                                    "sizes": []
                                                },
                                                "align_tablet": "center"
                                            },
                                            "elements": [],
                                            "isInner": false,
                                            "widgetType": "heading",
                                            "elType": "widget"
                                        }
                                    ],
                                    "isInner": true,
                                    "elType": "column"
                                },
                                {
                                    "id": "4ac06bda",
                                    "settings": {
                                        "_column_size": 50,
                                        "_inline_size": 30,
                                        "content_position": "center",
                                        "_inline_size_tablet": 100
                                    },
                                    "elements": [
                                        {
                                            "id": "455e96f9",
                                            "settings": {
                                                "text": "Get started now",
                                                "align": "right",
                                                "button_text_color": "#0030FF",
                                                "background_color": "#FFFFFF",
                                                "button_background_hover_color": "rgba(255, 255, 255, 0.94)",
                                                "align_tablet": "center"
                                            },
                                            "elements": [],
                                            "isInner": false,
                                            "widgetType": "button",
                                            "elType": "widget"
                                        }
                                    ],
                                    "isInner": true,
                                    "elType": "column"
                                }
                            ],
                            "isInner": true,
                            "elType": "section"
                        }
                    ],
                    "isInner": false,
                    "elType": "column"
                }
            ],
            "isInner": false,
            "elType": "section"
        }
    ]
}