{
    "version": "0.4",
    "title": "Call to Action v3",
    "type": "section",
    "metadata": {
        "template_type": "section-cta",
        "include_in_zip": "1",
        "elementor_pro_required": null,
        "wp_page_template": "elementor_canvas"
    },
    "content": [
        {
            "id": "6c2608a0",
            "settings": {
                "margin": {
                    "unit": "px",
                    "top": "60",
                    "right": 0,
                    "bottom": "0",
                    "left": 0,
                    "isLinked": false
                },
                "margin_mobile": {
                    "unit": "px",
                    "top": "0",
                    "right": 0,
                    "bottom": "0",
                    "left": 0,
                    "isLinked": false
                },
                "padding": {
                    "unit": "px",
                    "top": "0",
                    "right": "0",
                    "bottom": "0",
                    "left": "0",
                    "isLinked": false
                },
                "background_background": "classic",
                "margin_tablet": {
                    "unit": "px",
                    "top": "0",
                    "right": 0,
                    "bottom": "0",
                    "left": 0,
                    "isLinked": false
                },
                "padding_tablet": {
                    "unit": "px",
                    "top": "0",
                    "right": "0",
                    "bottom": "0",
                    "left": "0",
                    "isLinked": false
                }
            },
            "elements": [
                {
                    "id": "6384492e",
                    "settings": {
                        "_column_size": 100,
                        "_inline_size": null,
                        "padding": {
                            "unit": "px",
                            "top": "0",
                            "right": "0",
                            "bottom": "0",
                            "left": "0",
                            "isLinked": false
                        }
                    },
                    "elements": [
                        {
                            "id": "582cb800",
                            "settings": {
                                "structure": "20",
                                "background_background": "classic",
                                "border_radius": {
                                    "unit": "px",
                                    "top": "6",
                                    "right": "6",
                                    "bottom": "6",
                                    "left": "6",
                                    "isLinked": true
                                },
                                "shape_divider_top_height": {
                                    "unit": "px",
                                    "size": 20,
                                    "sizes": []
                                },
                                "shape_divider_top_above_content": "yes",
                                "shape_divider_bottom_height": {
                                    "unit": "px",
                                    "size": 20,
                                    "sizes": []
                                },
                                "shape_divider_bottom_flip": "yes",
                                "padding": {
                                    "unit": "px",
                                    "top": "60",
                                    "right": "60",
                                    "bottom": "60",
                                    "left": "60",
                                    "isLinked": true
                                },
                                "padding_mobile": {
                                    "unit": "px",
                                    "top": "50",
                                    "right": "40",
                                    "bottom": "50",
                                    "left": "40",
                                    "isLinked": false
                                },
                                "background_image": {
                                    "url": "https:\/\/kits.pixel-show.com\/veapp\/wp-content\/uploads\/sites\/15\/2020\/04\/back-panel-min.png",
                                    "id": 239
                                },
                                "background_position": "center center",
                                "background_repeat": "no-repeat",
                                "background_size": "contain",
                                "background_size_tablet": "initial",
                                "background_bg_width_tablet": {
                                    "unit": "%",
                                    "size": 1200,
                                    "sizes": []
                                },
                                "border_radius_tablet": {
                                    "unit": "px",
                                    "top": "6",
                                    "right": "6",
                                    "bottom": "6",
                                    "left": "6",
                                    "isLinked": true
                                },
                                "background_position_mobile": "center center",
                                "background_size_mobile": "initial",
                                "background_bg_width_mobile": {
                                    "unit": "px",
                                    "size": 24000,
                                    "sizes": []
                                },
                                "margin_tablet": {
                                    "unit": "px",
                                    "top": "0",
                                    "right": 0,
                                    "bottom": "0",
                                    "left": 0,
                                    "isLinked": false
                                }
                            },
                            "elements": [
                                {
                                    "id": "b885d81",
                                    "settings": {
                                        "_column_size": 50,
                                        "_inline_size": 60,
                                        "_inline_size_tablet": 100,
                                        "content_position": "center"
                                    },
                                    "elements": [
                                        {
                                            "id": "17299686",
                                            "settings": {
                                                "title": "The Best Solutions for<br>\nAgencies and Business Companies",
                                                "header_size": "h3",
                                                "title_color": "#FFFFFF",
                                                "typography_typography": "custom",
                                                "typography_line_height": {
                                                    "unit": "em",
                                                    "size": 1.2,
                                                    "sizes": []
                                                },
                                                "align_tablet": "center"
                                            },
                                            "elements": [],
                                            "isInner": false,
                                            "widgetType": "heading",
                                            "elType": "widget"
                                        },
                                        {
                                            "id": "30f01ab1",
                                            "settings": {
                                                "text": "install right now",
                                                "align": "left",
                                                "button_text_color": "#0030FF",
                                                "background_color": "#FFFFFF",
                                                "button_background_hover_color": "rgba(255, 255, 255, 0.94)",
                                                "align_tablet": "center"
                                            },
                                            "elements": [],
                                            "isInner": false,
                                            "widgetType": "button",
                                            "elType": "widget"
                                        }
                                    ],
                                    "isInner": true,
                                    "elType": "column"
                                },
                                {
                                    "id": "1e35617a",
                                    "settings": {
                                        "_column_size": 50,
                                        "_inline_size": 40,
                                        "content_position": "center",
                                        "_inline_size_tablet": 100,
                                        "padding": {
                                            "unit": "px",
                                            "top": "0",
                                            "right": "0",
                                            "bottom": "0",
                                            "left": "0",
                                            "isLinked": false
                                        }
                                    },
                                    "elements": [
                                        {
                                            "id": "cda04eb",
                                            "settings": {
                                                "image": {
                                                    "url": "https:\/\/kits.pixel-show.com\/veapp\/wp-content\/uploads\/sites\/15\/2020\/04\/hand-min.png",
                                                    "id": 110
                                                },
                                                "width": {
                                                    "unit": "px",
                                                    "size": 240,
                                                    "sizes": []
                                                },
                                                "image_border_radius": {
                                                    "unit": "px",
                                                    "top": "0",
                                                    "right": "0",
                                                    "bottom": "0",
                                                    "left": "0",
                                                    "isLinked": true
                                                },
                                                "_margin": {
                                                    "unit": "px",
                                                    "top": "-120",
                                                    "right": "0",
                                                    "bottom": "-60",
                                                    "left": "0",
                                                    "isLinked": false
                                                },
                                                "_z_index": 2,
                                                "width_tablet": {
                                                    "unit": "px",
                                                    "size": 200,
                                                    "sizes": []
                                                },
                                                "_margin_tablet": {
                                                    "unit": "px",
                                                    "top": "60",
                                                    "right": "0",
                                                    "bottom": "-60",
                                                    "left": "0",
                                                    "isLinked": false
                                                },
                                                "_margin_mobile": {
                                                    "unit": "px",
                                                    "top": "30",
                                                    "right": "0",
                                                    "bottom": "-50",
                                                    "left": "0",
                                                    "isLinked": false
                                                }
                                            },
                                            "elements": [],
                                            "isInner": false,
                                            "widgetType": "image",
                                            "elType": "widget"
                                        }
                                    ],
                                    "isInner": true,
                                    "elType": "column"
                                }
                            ],
                            "isInner": true,
                            "elType": "section"
                        }
                    ],
                    "isInner": false,
                    "elType": "column"
                }
            ],
            "isInner": false,
            "elType": "section"
        }
    ]
}