{
    "version": "0.4",
    "title": "Contacts",
    "type": "section",
    "metadata": {
        "template_type": "section-contact",
        "include_in_zip": "1",
        "elementor_pro_required": null,
        "wp_page_template": "elementor_canvas"
    },
    "content": [
        {
            "id": "7f4ce920",
            "settings": {
                "structure": "20",
                "margin": {
                    "unit": "px",
                    "top": "0",
                    "right": 0,
                    "bottom": "0",
                    "left": 0,
                    "isLinked": false
                },
                "margin_tablet": {
                    "unit": "px",
                    "top": "0",
                    "right": 0,
                    "bottom": "0",
                    "left": 0,
                    "isLinked": false
                },
                "margin_mobile": {
                    "unit": "px",
                    "top": "0",
                    "right": 0,
                    "bottom": "0",
                    "left": 0,
                    "isLinked": false
                },
                "padding": {
                    "unit": "px",
                    "top": "60",
                    "right": "0",
                    "bottom": "0",
                    "left": "0",
                    "isLinked": false
                },
                "padding_tablet": {
                    "unit": "px",
                    "top": "60",
                    "right": "30",
                    "bottom": "0",
                    "left": "30",
                    "isLinked": false
                },
                "padding_mobile": {
                    "unit": "px",
                    "top": "50",
                    "right": "20",
                    "bottom": "0",
                    "left": "20",
                    "isLinked": false
                }
            },
            "elements": [
                {
                    "id": "2080815d",
                    "settings": {
                        "_column_size": 50,
                        "_inline_size": null,
                        "_inline_size_tablet": 100,
                        "margin": {
                            "unit": "px",
                            "top": "0",
                            "right": "60",
                            "bottom": "60",
                            "left": "0",
                            "isLinked": false
                        },
                        "margin_tablet": {
                            "unit": "px",
                            "top": "0",
                            "right": "0",
                            "bottom": "0",
                            "left": "0",
                            "isLinked": false
                        },
                        "content_position": "bottom"
                    },
                    "elements": [
                        {
                            "id": "18821faf",
                            "settings": {
                                "title": "Don't hesitate to contact us\n",
                                "align_tablet": "center"
                            },
                            "elements": [],
                            "isInner": false,
                            "widgetType": "heading",
                            "elType": "widget"
                        },
                        {
                            "id": "286b8605",
                            "settings": {
                                "align_tablet": "center"
                            },
                            "elements": [],
                            "isInner": false,
                            "widgetType": "text-editor",
                            "elType": "widget"
                        },
                        {
                            "id": "790f756b",
                            "settings": {
                                "icon_list": [
                                    {
                                        "text": "Vestibulum, Tincidunt suscipit diam, DC 2002 ",
                                        "selected_icon": {
                                            "value": "fas fa-map-marker-alt",
                                            "library": "fa-solid"
                                        },
                                        "_id": "75c1307",
                                        "link": {
                                            "url": "",
                                            "is_external": "",
                                            "nofollow": "",
                                            "custom_attributes": ""
                                        }
                                    },
                                    {
                                        "text": "+1 234 567 8910",
                                        "selected_icon": {
                                            "value": "fas fa-phone-alt",
                                            "library": "fa-solid"
                                        },
                                        "_id": "d196a6c",
                                        "link": {
                                            "url": "",
                                            "is_external": "",
                                            "nofollow": "",
                                            "custom_attributes": ""
                                        }
                                    },
                                    {
                                        "text": "exampledomain@domain.com",
                                        "selected_icon": {
                                            "value": "fas fa-envelope",
                                            "library": "fa-solid"
                                        },
                                        "_id": "d8a2f4f",
                                        "link": {
                                            "url": "",
                                            "is_external": "",
                                            "nofollow": "",
                                            "custom_attributes": ""
                                        }
                                    }
                                ],
                                "space_between": {
                                    "unit": "px",
                                    "size": 15,
                                    "sizes": []
                                },
                                "icon_color": "#0B36FB",
                                "icon_size": {
                                    "unit": "px",
                                    "size": 20,
                                    "sizes": []
                                },
                                "text_indent": {
                                    "unit": "px",
                                    "size": 15,
                                    "sizes": []
                                },
                                "icon_typography_typography": "custom",
                                "icon_typography_font_family": "Questrial",
                                "icon_typography_font_size": {
                                    "unit": "em",
                                    "size": 1.1,
                                    "sizes": []
                                }
                            },
                            "elements": [],
                            "isInner": false,
                            "widgetType": "icon-list",
                            "elType": "widget"
                        }
                    ],
                    "isInner": false,
                    "elType": "column"
                },
                {
                    "id": "2de65e70",
                    "settings": {
                        "_column_size": 50,
                        "_inline_size": null,
                        "_inline_size_tablet": 100,
                        "margin_tablet": {
                            "unit": "px",
                            "top": "30",
                            "right": "0",
                            "bottom": "0",
                            "left": "0",
                            "isLinked": false
                        },
                        "padding_mobile": {
                            "unit": "px",
                            "top": "0",
                            "right": "0",
                            "bottom": "0",
                            "left": "0",
                            "isLinked": false
                        }
                    },
                    "elements": [
                        {
                            "id": "62bebed8",
                            "settings": {
                                "background_background": "classic",
                                "background_color": "#FFFFFF",
                                "border_radius": {
                                    "unit": "px",
                                    "top": "10",
                                    "right": "10",
                                    "bottom": "10",
                                    "left": "10",
                                    "isLinked": true
                                },
                                "box_shadow_box_shadow_type": "yes",
                                "box_shadow_box_shadow": {
                                    "horizontal": 10,
                                    "vertical": 10,
                                    "blur": 80,
                                    "spread": 0,
                                    "color": "rgba(0, 0, 0, 0.13)"
                                },
                                "margin": {
                                    "unit": "px",
                                    "top": "0",
                                    "right": 0,
                                    "bottom": "-100",
                                    "left": 0,
                                    "isLinked": false
                                },
                                "margin_tablet": {
                                    "unit": "px",
                                    "top": "0",
                                    "right": 0,
                                    "bottom": "50",
                                    "left": 0,
                                    "isLinked": false
                                },
                                "padding": {
                                    "unit": "px",
                                    "top": "40",
                                    "right": "40",
                                    "bottom": "40",
                                    "left": "40",
                                    "isLinked": true
                                },
                                "padding_mobile": {
                                    "unit": "px",
                                    "top": "20",
                                    "right": "20",
                                    "bottom": "20",
                                    "left": "20",
                                    "isLinked": true
                                },
                                "z_index": 2
                            },
                            "elements": [
                                {
                                    "id": "2b3feff4",
                                    "settings": {
                                        "_column_size": 100,
                                        "_inline_size": null
                                    },
                                    "elements": [
                                        {
                                            "id": "7c0ae80c",
                                            "settings": {
                                                "shortcode": "[contact-form-7 id=\"196\" title=\"Untitled\"]",
                                                "_margin": {
                                                    "unit": "px",
                                                    "top": "0",
                                                    "right": "0",
                                                    "bottom": "-10",
                                                    "left": "0",
                                                    "isLinked": false
                                                }
                                            },
                                            "elements": [],
                                            "isInner": false,
                                            "widgetType": "shortcode",
                                            "elType": "widget"
                                        }
                                    ],
                                    "isInner": true,
                                    "elType": "column"
                                }
                            ],
                            "isInner": true,
                            "elType": "section"
                        }
                    ],
                    "isInner": false,
                    "elType": "column"
                }
            ],
            "isInner": false,
            "elType": "section"
        },
        {
            "id": "1204d0c0",
            "settings": {
                "stretch_section": "section-stretched",
                "layout": "full_width"
            },
            "elements": [
                {
                    "id": "6967f469",
                    "settings": {
                        "_column_size": 100,
                        "_inline_size": null,
                        "padding": {
                            "unit": "px",
                            "top": "0",
                            "right": "0",
                            "bottom": "0",
                            "left": "0",
                            "isLinked": false
                        }
                    },
                    "elements": [
                        {
                            "id": "1376e308",
                            "settings": {
                                "address": "London Eye, London, United Kingdom",
                                "zoom": {
                                    "unit": "px",
                                    "size": 15,
                                    "sizes": []
                                },
                                "height": {
                                    "unit": "px",
                                    "size": 460,
                                    "sizes": []
                                },
                                "css_filters_css_filter": "custom",
                                "css_filters_saturate": {
                                    "unit": "px",
                                    "size": 0,
                                    "sizes": []
                                }
                            },
                            "elements": [],
                            "isInner": false,
                            "widgetType": "google_maps",
                            "elType": "widget"
                        }
                    ],
                    "isInner": false,
                    "elType": "column"
                }
            ],
            "isInner": false,
            "elType": "section"
        }
    ]
}