{
    "version": "0.4",
    "title": "Counters",
    "type": "section",
    "metadata": {
        "template_type": "section-other",
        "include_in_zip": "1",
        "elementor_pro_required": null,
        "wp_page_template": "elementor_canvas"
    },
    "content": [
        {
            "id": "34989720",
            "settings": {
                "content_width": {
                    "unit": "px",
                    "size": 800,
                    "sizes": []
                },
                "padding": {
                    "unit": "px",
                    "top": "60",
                    "right": "0",
                    "bottom": "60",
                    "left": "0",
                    "isLinked": false
                },
                "padding_tablet": {
                    "unit": "px",
                    "top": "60",
                    "right": "30",
                    "bottom": "60",
                    "left": "30",
                    "isLinked": false
                },
                "padding_mobile": {
                    "unit": "px",
                    "top": "50",
                    "right": "20",
                    "bottom": "50",
                    "left": "20",
                    "isLinked": false
                }
            },
            "elements": [
                {
                    "id": "27f47fbe",
                    "settings": {
                        "_column_size": 100,
                        "_inline_size": null,
                        "padding_mobile": {
                            "unit": "px",
                            "top": "0",
                            "right": "0",
                            "bottom": "0",
                            "left": "0",
                            "isLinked": false
                        }
                    },
                    "elements": [
                        {
                            "id": "59a5cc78",
                            "settings": {
                                "title": "Connects with a wide variety of third-party apps. Integrate your chat with them to provide even",
                                "align": "center",
                                "typography_typography": "custom",
                                "typography_line_height": {
                                    "unit": "em",
                                    "size": 1.3,
                                    "sizes": []
                                }
                            },
                            "elements": [],
                            "isInner": false,
                            "widgetType": "heading",
                            "elType": "widget"
                        },
                        {
                            "id": "2aac2f3",
                            "settings": {
                                "structure": "30"
                            },
                            "elements": [
                                {
                                    "id": "344806d0",
                                    "settings": {
                                        "_column_size": 33,
                                        "_inline_size": null
                                    },
                                    "elements": [
                                        {
                                            "id": "209afe5d",
                                            "settings": {
                                                "suffix": "k+",
                                                "title": "Downloads",
                                                "typography_number_typography": "custom",
                                                "typography_number_font_family": "Questrial",
                                                "typography_number_font_size": {
                                                    "unit": "em",
                                                    "size": 2.8,
                                                    "sizes": []
                                                },
                                                "typography_number_line_height": {
                                                    "unit": "em",
                                                    "size": 1.3,
                                                    "sizes": []
                                                },
                                                "title_color": "#787878",
                                                "typography_title_typography": "custom",
                                                "typography_title_font_size": {
                                                    "unit": "em",
                                                    "size": 1,
                                                    "sizes": []
                                                },
                                                "typography_title_line_height": {
                                                    "unit": "em",
                                                    "size": 1.2,
                                                    "sizes": []
                                                },
                                                "_padding": {
                                                    "unit": "px",
                                                    "top": "50",
                                                    "right": "30",
                                                    "bottom": "50",
                                                    "left": "30",
                                                    "isLinked": false
                                                },
                                                "_background_background": "classic",
                                                "_background_color": "#F9F9F9",
                                                "_border_radius": {
                                                    "unit": "px",
                                                    "top": "6",
                                                    "right": "6",
                                                    "bottom": "6",
                                                    "left": "6",
                                                    "isLinked": true
                                                },
                                                "typography_title_font_family": "Questrial",
                                                "ending_number": 250
                                            },
                                            "elements": [],
                                            "isInner": false,
                                            "widgetType": "counter",
                                            "elType": "widget"
                                        }
                                    ],
                                    "isInner": true,
                                    "elType": "column"
                                },
                                {
                                    "id": "269d51c",
                                    "settings": {
                                        "_column_size": 33,
                                        "_inline_size": null
                                    },
                                    "elements": [
                                        {
                                            "id": "2062816b",
                                            "settings": {
                                                "suffix": "k+",
                                                "title": "Users",
                                                "typography_number_typography": "custom",
                                                "typography_number_font_family": "Questrial",
                                                "typography_number_font_size": {
                                                    "unit": "em",
                                                    "size": 2.8,
                                                    "sizes": []
                                                },
                                                "typography_number_line_height": {
                                                    "unit": "em",
                                                    "size": 1.3,
                                                    "sizes": []
                                                },
                                                "title_color": "#787878",
                                                "typography_title_typography": "custom",
                                                "typography_title_font_size": {
                                                    "unit": "em",
                                                    "size": 1,
                                                    "sizes": []
                                                },
                                                "typography_title_line_height": {
                                                    "unit": "em",
                                                    "size": 1.2,
                                                    "sizes": []
                                                },
                                                "_padding": {
                                                    "unit": "px",
                                                    "top": "50",
                                                    "right": "30",
                                                    "bottom": "50",
                                                    "left": "30",
                                                    "isLinked": false
                                                },
                                                "_background_background": "classic",
                                                "_background_color": "#F9F9F9",
                                                "_border_radius": {
                                                    "unit": "px",
                                                    "top": "6",
                                                    "right": "6",
                                                    "bottom": "6",
                                                    "left": "6",
                                                    "isLinked": true
                                                },
                                                "typography_title_font_family": "Questrial"
                                            },
                                            "elements": [],
                                            "isInner": false,
                                            "widgetType": "counter",
                                            "elType": "widget"
                                        }
                                    ],
                                    "isInner": true,
                                    "elType": "column"
                                },
                                {
                                    "id": "4021143d",
                                    "settings": {
                                        "_column_size": 33,
                                        "_inline_size": null
                                    },
                                    "elements": [
                                        {
                                            "id": "6e434c4b",
                                            "settings": {
                                                "suffix": "+",
                                                "title": "Projects",
                                                "typography_number_typography": "custom",
                                                "typography_number_font_family": "Questrial",
                                                "typography_number_font_size": {
                                                    "unit": "em",
                                                    "size": 2.8,
                                                    "sizes": []
                                                },
                                                "typography_number_line_height": {
                                                    "unit": "em",
                                                    "size": 1.3,
                                                    "sizes": []
                                                },
                                                "title_color": "#787878",
                                                "typography_title_typography": "custom",
                                                "typography_title_font_size": {
                                                    "unit": "em",
                                                    "size": 1,
                                                    "sizes": []
                                                },
                                                "typography_title_line_height": {
                                                    "unit": "em",
                                                    "size": 1.2,
                                                    "sizes": []
                                                },
                                                "_padding": {
                                                    "unit": "px",
                                                    "top": "50",
                                                    "right": "30",
                                                    "bottom": "50",
                                                    "left": "30",
                                                    "isLinked": false
                                                },
                                                "_background_background": "classic",
                                                "_background_color": "#F9F9F9",
                                                "_border_radius": {
                                                    "unit": "px",
                                                    "top": "6",
                                                    "right": "6",
                                                    "bottom": "6",
                                                    "left": "6",
                                                    "isLinked": true
                                                },
                                                "typography_title_font_family": "Questrial",
                                                "ending_number": 14,
                                                "duration": 200
                                            },
                                            "elements": [],
                                            "isInner": false,
                                            "widgetType": "counter",
                                            "elType": "widget"
                                        }
                                    ],
                                    "isInner": true,
                                    "elType": "column"
                                }
                            ],
                            "isInner": true,
                            "elType": "section"
                        }
                    ],
                    "isInner": false,
                    "elType": "column"
                }
            ],
            "isInner": false,
            "elType": "section"
        }
    ]
}