{
    "version": "0.4",
    "title": "Features v1",
    "type": "section",
    "metadata": {
        "template_type": "section-features",
        "include_in_zip": "1",
        "elementor_pro_required": null,
        "wp_page_template": "elementor_canvas"
    },
    "content": [
        {
            "id": "22d3eb12",
            "settings": {
                "padding": {
                    "unit": "px",
                    "top": "60",
                    "right": "0",
                    "bottom": "60",
                    "left": "0",
                    "isLinked": false
                },
                "padding_tablet": {
                    "unit": "px",
                    "top": "60",
                    "right": "30",
                    "bottom": "60",
                    "left": "30",
                    "isLinked": false
                },
                "structure": "20",
                "padding_mobile": {
                    "unit": "px",
                    "top": "50",
                    "right": "20",
                    "bottom": "50",
                    "left": "20",
                    "isLinked": false
                }
            },
            "elements": [
                {
                    "id": "24f82929",
                    "settings": {
                        "_column_size": 50,
                        "_inline_size": null,
                        "_inline_size_tablet": 100,
                        "content_position": "center",
                        "margin": {
                            "unit": "px",
                            "top": "0",
                            "right": "50",
                            "bottom": "0",
                            "left": "0",
                            "isLinked": false
                        },
                        "margin_tablet": {
                            "unit": "px",
                            "top": "0",
                            "right": "0",
                            "bottom": "0",
                            "left": "0",
                            "isLinked": false
                        }
                    },
                    "elements": [
                        {
                            "id": "30044d67",
                            "settings": {
                                "title": "We have a great fun fact<br> which\nwe want to show you!",
                                "align": "left",
                                "typography_typography": "custom",
                                "typography_line_height": {
                                    "unit": "em",
                                    "size": 1.3,
                                    "sizes": []
                                },
                                "align_tablet": "center"
                            },
                            "elements": [],
                            "isInner": false,
                            "widgetType": "heading",
                            "elType": "widget"
                        },
                        {
                            "id": "63c3bc15",
                            "settings": {
                                "editor": "<p>Lorem Ipsum is simply dummy text of the printing and type setting industry. Lorem Ipsum has been the industrys stan dard dummy text ever since the 1500s.<\/p>",
                                "align_tablet": "center"
                            },
                            "elements": [],
                            "isInner": false,
                            "widgetType": "text-editor",
                            "elType": "widget"
                        },
                        {
                            "id": "3175f4ba",
                            "settings": {
                                "structure": "20"
                            },
                            "elements": [
                                {
                                    "id": "69259f30",
                                    "settings": {
                                        "_column_size": 50,
                                        "_inline_size": 41.4,
                                        "_inline_size_tablet": 50,
                                        "margin": {
                                            "unit": "px",
                                            "top": "0",
                                            "right": "0",
                                            "bottom": "0",
                                            "left": "0",
                                            "isLinked": false
                                        },
                                        "padding": {
                                            "unit": "px",
                                            "top": "0",
                                            "right": "0",
                                            "bottom": "0",
                                            "left": "0",
                                            "isLinked": false
                                        }
                                    },
                                    "elements": [
                                        {
                                            "id": "6763f4fb",
                                            "settings": {
                                                "image": {
                                                    "url": "https:\/\/kits.pixel-show.com\/veapp\/wp-content\/uploads\/sites\/15\/2020\/04\/app-store-black.png",
                                                    "id": 46
                                                },
                                                "align": "left",
                                                "_margin": {
                                                    "unit": "px",
                                                    "top": "0",
                                                    "right": "10",
                                                    "bottom": "0",
                                                    "left": "0",
                                                    "isLinked": false
                                                },
                                                "align_tablet": "right",
                                                "align_mobile": "center",
                                                "_margin_mobile": {
                                                    "unit": "px",
                                                    "top": "0",
                                                    "right": "0",
                                                    "bottom": "10",
                                                    "left": "0",
                                                    "isLinked": false
                                                }
                                            },
                                            "elements": [],
                                            "isInner": false,
                                            "widgetType": "image",
                                            "elType": "widget"
                                        }
                                    ],
                                    "isInner": true,
                                    "elType": "column"
                                },
                                {
                                    "id": "d5e7167",
                                    "settings": {
                                        "_column_size": 50,
                                        "_inline_size": 58.6,
                                        "_inline_size_tablet": 50,
                                        "padding": {
                                            "unit": "px",
                                            "top": "0",
                                            "right": "0",
                                            "bottom": "0",
                                            "left": "0",
                                            "isLinked": false
                                        }
                                    },
                                    "elements": [
                                        {
                                            "id": "5c1ad95c",
                                            "settings": {
                                                "image": {
                                                    "url": "https:\/\/kits.pixel-show.com\/veapp\/wp-content\/uploads\/sites\/15\/2020\/04\/google-play-black.png",
                                                    "id": 45
                                                },
                                                "align": "left",
                                                "_margin": {
                                                    "unit": "%",
                                                    "top": "",
                                                    "right": "",
                                                    "bottom": "",
                                                    "left": "",
                                                    "isLinked": false
                                                },
                                                "align_mobile": "center",
                                                "_margin_tablet": {
                                                    "unit": "px",
                                                    "top": "0",
                                                    "right": "0",
                                                    "bottom": "0",
                                                    "left": "10",
                                                    "isLinked": false
                                                },
                                                "_margin_mobile": {
                                                    "unit": "px",
                                                    "top": "0",
                                                    "right": "0",
                                                    "bottom": "0",
                                                    "left": "0",
                                                    "isLinked": false
                                                }
                                            },
                                            "elements": [],
                                            "isInner": false,
                                            "widgetType": "image",
                                            "elType": "widget"
                                        }
                                    ],
                                    "isInner": true,
                                    "elType": "column"
                                }
                            ],
                            "isInner": true,
                            "elType": "section"
                        },
                        {
                            "id": "42282d77",
                            "settings": {
                                "title": "* Available on iPhone, iPad and all Android devices\n",
                                "header_size": "h6",
                                "align": "left",
                                "align_tablet": "center",
                                "typography_typography": "custom",
                                "typography_line_height_mobile": {
                                    "unit": "em",
                                    "size": 1.3,
                                    "sizes": []
                                },
                                "typography_letter_spacing": {
                                    "unit": "px",
                                    "size": 0,
                                    "sizes": []
                                },
                                "typography_letter_spacing_mobile": {
                                    "unit": "px",
                                    "size": 0,
                                    "sizes": []
                                },
                                "_margin": {
                                    "unit": "px",
                                    "top": "20",
                                    "right": "0",
                                    "bottom": "0",
                                    "left": "0",
                                    "isLinked": false
                                }
                            },
                            "elements": [],
                            "isInner": false,
                            "widgetType": "heading",
                            "elType": "widget"
                        }
                    ],
                    "isInner": false,
                    "elType": "column"
                },
                {
                    "id": "48fd593a",
                    "settings": {
                        "_column_size": 50,
                        "_inline_size": null,
                        "_inline_size_tablet": 100,
                        "margin_tablet": {
                            "unit": "px",
                            "top": "30",
                            "right": "0",
                            "bottom": "0",
                            "left": "0",
                            "isLinked": false
                        },
                        "padding_tablet": {
                            "unit": "px",
                            "top": "0",
                            "right": "0",
                            "bottom": "0",
                            "left": "0",
                            "isLinked": false
                        },
                        "padding_mobile": {
                            "unit": "px",
                            "top": "0",
                            "right": "0",
                            "bottom": "0",
                            "left": "0",
                            "isLinked": false
                        }
                    },
                    "elements": [
                        {
                            "id": "683ea841",
                            "settings": {
                                "structure": "20",
                                "background_image": {
                                    "url": "https:\/\/kits.pixel-show.com\/veapp\/wp-content\/uploads\/sites\/15\/2020\/04\/back-4-min.png",
                                    "id": 72
                                },
                                "background_position": "center center",
                                "background_repeat": "no-repeat",
                                "background_size": "contain",
                                "padding": {
                                    "unit": "em",
                                    "top": "",
                                    "right": "",
                                    "bottom": "",
                                    "left": "",
                                    "isLinked": false
                                },
                                "z_index": 1
                            },
                            "elements": [
                                {
                                    "id": "72f21b0",
                                    "settings": {
                                        "_column_size": 50,
                                        "_inline_size": null
                                    },
                                    "elements": [
                                        {
                                            "id": "3a9dca06",
                                            "settings": {
                                                "suffix": "k+",
                                                "title": "Downloads",
                                                "typography_number_typography": "custom",
                                                "typography_number_font_family": "Questrial",
                                                "typography_number_font_size": {
                                                    "unit": "em",
                                                    "size": 2.8,
                                                    "sizes": []
                                                },
                                                "typography_number_line_height": {
                                                    "unit": "em",
                                                    "size": 1.3,
                                                    "sizes": []
                                                },
                                                "title_color": "#787878",
                                                "typography_title_typography": "custom",
                                                "typography_title_font_size": {
                                                    "unit": "em",
                                                    "size": 1,
                                                    "sizes": []
                                                },
                                                "typography_title_line_height": {
                                                    "unit": "em",
                                                    "size": 1.2,
                                                    "sizes": []
                                                },
                                                "_padding": {
                                                    "unit": "px",
                                                    "top": "50",
                                                    "right": "30",
                                                    "bottom": "50",
                                                    "left": "30",
                                                    "isLinked": false
                                                },
                                                "_background_background": "classic",
                                                "_background_color": "#F9F9F9",
                                                "_border_radius": {
                                                    "unit": "px",
                                                    "top": "6",
                                                    "right": "6",
                                                    "bottom": "6",
                                                    "left": "6",
                                                    "isLinked": true
                                                },
                                                "typography_title_font_family": "Questrial",
                                                "ending_number": 250
                                            },
                                            "elements": [],
                                            "isInner": false,
                                            "widgetType": "counter",
                                            "elType": "widget"
                                        },
                                        {
                                            "id": "193105aa",
                                            "settings": {
                                                "suffix": "+",
                                                "title": "Projects",
                                                "typography_number_typography": "custom",
                                                "typography_number_font_family": "Questrial",
                                                "typography_number_font_size": {
                                                    "unit": "em",
                                                    "size": 2.8,
                                                    "sizes": []
                                                },
                                                "typography_number_line_height": {
                                                    "unit": "em",
                                                    "size": 1.3,
                                                    "sizes": []
                                                },
                                                "title_color": "#787878",
                                                "typography_title_typography": "custom",
                                                "typography_title_font_size": {
                                                    "unit": "em",
                                                    "size": 1,
                                                    "sizes": []
                                                },
                                                "typography_title_line_height": {
                                                    "unit": "em",
                                                    "size": 1.2,
                                                    "sizes": []
                                                },
                                                "_padding": {
                                                    "unit": "px",
                                                    "top": "50",
                                                    "right": "30",
                                                    "bottom": "50",
                                                    "left": "30",
                                                    "isLinked": false
                                                },
                                                "_background_background": "classic",
                                                "_background_color": "#F9F9F9",
                                                "_border_radius": {
                                                    "unit": "px",
                                                    "top": "6",
                                                    "right": "6",
                                                    "bottom": "6",
                                                    "left": "6",
                                                    "isLinked": true
                                                },
                                                "typography_title_font_family": "Questrial",
                                                "ending_number": 14,
                                                "duration": 200
                                            },
                                            "elements": [],
                                            "isInner": false,
                                            "widgetType": "counter",
                                            "elType": "widget"
                                        }
                                    ],
                                    "isInner": true,
                                    "elType": "column"
                                },
                                {
                                    "id": "7f427d99",
                                    "settings": {
                                        "_column_size": 50,
                                        "_inline_size": null
                                    },
                                    "elements": [
                                        {
                                            "id": "1c4d3f4c",
                                            "settings": {
                                                "suffix": "k+",
                                                "title": "Users",
                                                "typography_number_typography": "custom",
                                                "typography_number_font_family": "Questrial",
                                                "typography_number_font_size": {
                                                    "unit": "em",
                                                    "size": 2.8,
                                                    "sizes": []
                                                },
                                                "typography_number_line_height": {
                                                    "unit": "em",
                                                    "size": 1.3,
                                                    "sizes": []
                                                },
                                                "title_color": "#787878",
                                                "typography_title_typography": "custom",
                                                "typography_title_font_size": {
                                                    "unit": "em",
                                                    "size": 1,
                                                    "sizes": []
                                                },
                                                "typography_title_line_height": {
                                                    "unit": "em",
                                                    "size": 1.2,
                                                    "sizes": []
                                                },
                                                "_padding": {
                                                    "unit": "px",
                                                    "top": "50",
                                                    "right": "30",
                                                    "bottom": "50",
                                                    "left": "30",
                                                    "isLinked": false
                                                },
                                                "_background_background": "classic",
                                                "_background_color": "#F9F9F9",
                                                "_border_radius": {
                                                    "unit": "px",
                                                    "top": "6",
                                                    "right": "6",
                                                    "bottom": "6",
                                                    "left": "6",
                                                    "isLinked": true
                                                },
                                                "typography_title_font_family": "Questrial"
                                            },
                                            "elements": [],
                                            "isInner": false,
                                            "widgetType": "counter",
                                            "elType": "widget"
                                        },
                                        {
                                            "id": "48a7d2d2",
                                            "settings": {
                                                "suffix": "k+",
                                                "title": "Users",
                                                "typography_number_typography": "custom",
                                                "typography_number_font_family": "Questrial",
                                                "typography_number_font_size": {
                                                    "unit": "em",
                                                    "size": 2.8,
                                                    "sizes": []
                                                },
                                                "typography_number_line_height": {
                                                    "unit": "em",
                                                    "size": 1.3,
                                                    "sizes": []
                                                },
                                                "title_color": "#787878",
                                                "typography_title_typography": "custom",
                                                "typography_title_font_size": {
                                                    "unit": "em",
                                                    "size": 1,
                                                    "sizes": []
                                                },
                                                "typography_title_line_height": {
                                                    "unit": "em",
                                                    "size": 1.2,
                                                    "sizes": []
                                                },
                                                "_padding": {
                                                    "unit": "px",
                                                    "top": "50",
                                                    "right": "30",
                                                    "bottom": "50",
                                                    "left": "30",
                                                    "isLinked": false
                                                },
                                                "_background_background": "classic",
                                                "_background_color": "#F9F9F9",
                                                "_border_radius": {
                                                    "unit": "px",
                                                    "top": "6",
                                                    "right": "6",
                                                    "bottom": "6",
                                                    "left": "6",
                                                    "isLinked": true
                                                },
                                                "typography_title_font_family": "Questrial"
                                            },
                                            "elements": [],
                                            "isInner": false,
                                            "widgetType": "counter",
                                            "elType": "widget"
                                        }
                                    ],
                                    "isInner": true,
                                    "elType": "column"
                                }
                            ],
                            "isInner": true,
                            "elType": "section"
                        }
                    ],
                    "isInner": false,
                    "elType": "column"
                }
            ],
            "isInner": false,
            "elType": "section"
        }
    ]
}