{
    "version": "0.4",
    "title": "Global Kit Styles",
    "type": "section",
    "metadata": {
        "template_type": "global-styles",
        "include_in_zip": "1",
        "elementor_pro_required": null,
        "additional_template_information": [
            "These are the global theme styles configured through the Elementor Theme Styles area."
        ],
        "wp_page_template": "default"
    },
    "content": [],
    "page_settings": {
        "body_color": "#525252",
        "body_typography_typography": "custom",
        "body_typography_font_family": "Nunito",
        "body_typography_font_size": {
            "unit": "em",
            "size": "1",
            "sizes": []
        },
        "body_typography_line_height": {
            "unit": "em",
            "size": "1.6",
            "sizes": []
        },
        "h1_color": "#2A2A2A",
        "h1_typography_typography": "custom",
        "h1_typography_font_family": "Questrial",
        "h1_typography_font_size": {
            "unit": "em",
            "size": "4",
            "sizes": []
        },
        "h1_typography_font_weight": "bold",
        "h2_color": "#2A2A2A",
        "h2_typography_typography": "custom",
        "h2_typography_font_family": "Questrial",
        "h2_typography_font_size": {
            "unit": "em",
            "size": "2.1",
            "sizes": []
        },
        "h2_typography_font_weight": "bold",
        "h3_color": "#2A2A2A",
        "h3_typography_typography": "custom",
        "h3_typography_font_family": "Questrial",
        "h3_typography_font_size": {
            "unit": "em",
            "size": "1.8",
            "sizes": []
        },
        "h3_typography_font_weight": "bold",
        "h4_color": "#2A2A2A",
        "h4_typography_typography": "custom",
        "h4_typography_font_family": "Questrial",
        "h4_typography_font_size": {
            "unit": "em",
            "size": "1.6",
            "sizes": []
        },
        "h4_typography_font_weight": "bold",
        "h5_color": "#2A2A2A",
        "h5_typography_typography": "custom",
        "h5_typography_font_family": "Questrial",
        "h5_typography_font_size": {
            "unit": "em",
            "size": "1.2",
            "sizes": []
        },
        "h5_typography_font_weight": "bold",
        "h6_color": "#A5A5A5",
        "h6_typography_typography": "custom",
        "h6_typography_font_family": "Questrial",
        "h6_typography_font_size": {
            "unit": "em",
            "size": "0.9",
            "sizes": []
        },
        "h6_typography_font_weight": "400",
        "h6_typography_text_transform": "uppercase",
        "button_typography_typography": "custom",
        "button_typography_font_family": "Questrial",
        "button_typography_font_size": {
            "unit": "em",
            "size": "1",
            "sizes": []
        },
        "button_typography_font_weight": "bold",
        "button_typography_text_transform": "capitalize",
        "button_text_color": "#FFFFFF",
        "button_background_color": "#0030FF",
        "button_border_radius": {
            "unit": "px",
            "top": "4",
            "right": "4",
            "bottom": "4",
            "left": "4",
            "isLinked": "1"
        },
        "button_hover_text_color": "#FFFFFF",
        "button_hover_background_color": "#0029DA",
        "button_padding": {
            "unit": "px",
            "top": "18",
            "right": "40",
            "bottom": "18",
            "left": "40",
            "isLinked": ""
        },
        "form_label_color": "#3F3F3F",
        "form_label_typography_typography": "custom",
        "form_label_typography_font_family": "Poppins",
        "form_label_typography_font_size": {
            "unit": "em",
            "size": "1",
            "sizes": []
        },
        "form_label_typography_font_weight": "500",
        "form_label_typography_line_height": {
            "unit": "em",
            "size": "2",
            "sizes": []
        },
        "form_field_typography_typography": "custom",
        "form_field_typography_font_family": "Poppins",
        "form_field_typography_font_size": {
            "unit": "em",
            "size": "1",
            "sizes": []
        },
        "form_field_typography_font_weight": "500",
        "form_field_text_color": "#000000",
        "form_field_background_color": "#FFFFFF",
        "form_field_border_border": "solid",
        "form_field_border_width": {
            "unit": "px",
            "top": "2",
            "right": "2",
            "bottom": "2",
            "left": "2",
            "isLinked": "1"
        },
        "form_field_border_color": "#E5E5E5",
        "form_field_border_radius": {
            "unit": "px",
            "top": "4",
            "right": "4",
            "bottom": "4",
            "left": "4",
            "isLinked": "1"
        },
        "form_field_padding": {
            "unit": "px",
            "top": "15",
            "right": "20",
            "bottom": "15",
            "left": "20",
            "isLinked": ""
        },
        "h6_typography_letter_spacing": {
            "unit": "px",
            "size": "3",
            "sizes": []
        },
        "image_border_radius": {
            "unit": "px",
            "top": "6",
            "right": "6",
            "bottom": "6",
            "left": "6",
            "isLinked": "1"
        },
        "h1_typography_font_size_mobile": {
            "unit": "em",
            "size": "3",
            "sizes": []
        },
        "h2_typography_font_size_mobile": {
            "unit": "em",
            "size": "1.5",
            "sizes": []
        },
        "button_border_border": "solid",
        "button_border_width": {
            "unit": "px",
            "top": "0",
            "right": "0",
            "bottom": "0",
            "left": "0",
            "isLinked": "1"
        },
        "viewport_md": "",
        "viewport_lg": "",
        "system_colors": [
            {
                "_id": "primary",
                "title": "Primary",
                "color": "#6EC1E4"
            },
            {
                "_id": "secondary",
                "title": "Secondary",
                "color": "#54595F"
            },
            {
                "_id": "text",
                "title": "Text",
                "color": "#7A7A7A"
            },
            {
                "_id": "accent",
                "title": "Accent",
                "color": "#61CE70"
            }
        ],
        "custom_colors": [
            {
                "_id": "2d04f0ef",
                "title": "Saved Color #5",
                "color": "#4054B2"
            },
            {
                "_id": "3c247a8e",
                "title": "Saved Color #6",
                "color": "#23A455"
            },
            {
                "_id": "617c6c05",
                "title": "Saved Color #7",
                "color": "#000"
            },
            {
                "_id": "687079eb",
                "title": "Saved Color #8",
                "color": "#FFF"
            }
        ],
        "system_typography": [
            {
                "_id": "primary",
                "title": "Primary Headline",
                "typography_typography": "custom",
                "typography_font_family": "Roboto",
                "typography_font_weight": "600"
            },
            {
                "_id": "secondary",
                "title": "Secondary Headline",
                "typography_typography": "custom",
                "typography_font_family": "Roboto Slab",
                "typography_font_weight": "400"
            },
            {
                "_id": "text",
                "title": "Body Text",
                "typography_typography": "custom",
                "typography_font_family": "Roboto",
                "typography_font_weight": "400"
            },
            {
                "_id": "accent",
                "title": "Accent Text",
                "typography_typography": "custom",
                "typography_font_family": "Roboto",
                "typography_font_weight": "500"
            }
        ]
    }
}