{
    "version": "0.4",
    "title": "Header",
    "type": "section",
    "metadata": {
        "template_type": "section-header",
        "include_in_zip": "1",
        "elementor_pro_required": null,
        "wp_page_template": "default"
    },
    "content": [
        {
            "id": "41cb7efd",
            "settings": {
                "structure": "30",
                "custom_height": {
                    "unit": "px",
                    "size": 83,
                    "sizes": []
                },
                "background_background": "classic",
                "background_color": "rgba(255, 255, 255, 0)",
                "margin": {
                    "unit": "px",
                    "top": "0",
                    "right": 0,
                    "bottom": "-90",
                    "left": 0,
                    "isLinked": false
                },
                "padding": {
                    "unit": "px",
                    "top": "20",
                    "right": "0",
                    "bottom": "20",
                    "left": "0",
                    "isLinked": false
                }
            },
            "elements": [
                {
                    "id": "29c0461a",
                    "settings": {
                        "_column_size": 33,
                        "_inline_size": null,
                        "content_position": "center",
                        "padding": {
                            "unit": "px",
                            "top": "0",
                            "right": "0",
                            "bottom": "0",
                            "left": "10",
                            "isLinked": false
                        },
                        "_inline_size_tablet": 30,
                        "_inline_size_mobile": 40,
                        "margin_tablet": {
                            "unit": "px",
                            "top": "0",
                            "right": "0",
                            "bottom": "0",
                            "left": "10",
                            "isLinked": false
                        },
                        "content_position_tablet": "top"
                    },
                    "elements": [
                        {
                            "id": "263aecd8",
                            "settings": {
                                "align": "left",
                                "width": {
                                    "unit": "px",
                                    "size": 100,
                                    "sizes": []
                                },
                                "_margin": {
                                    "unit": "%",
                                    "top": "",
                                    "right": "",
                                    "bottom": "",
                                    "left": "",
                                    "isLinked": false
                                },
                                "site_logo_fallback": "yes",
                                "custom_image": {
                                    "url": "https:\/\/kits.pixel-show.com\/veapp\/wp-content\/uploads\/sites\/15\/2020\/05\/veapp3.png",
                                    "id": 507
                                },
                                "site_logo_size_size": "full"
                            },
                            "elements": [],
                            "isInner": false,
                            "widgetType": "site-logo",
                            "elType": "widget"
                        }
                    ],
                    "isInner": false,
                    "elType": "column"
                },
                {
                    "id": "e1bcf2c",
                    "settings": {
                        "_column_size": 33,
                        "_inline_size": 52.456,
                        "content_position": "center",
                        "padding": {
                            "unit": "px",
                            "top": "0",
                            "right": "0",
                            "bottom": "0",
                            "left": "0",
                            "isLinked": false
                        },
                        "_inline_size_tablet": 46,
                        "_inline_size_mobile": 60,
                        "margin_mobile": {
                            "unit": "px",
                            "top": "0",
                            "right": "15",
                            "bottom": "0",
                            "left": "0",
                            "isLinked": false
                        }
                    },
                    "elements": [
                        {
                            "id": "1212f366",
                            "settings": {
                                "navmenu_align": "right",
                                "menu": "menu-1",
                                "menu_typography_typography": "custom",
                                "menu_typography_font_family": "Poppins",
                                "menu_typography_font_size": {
                                    "unit": "em",
                                    "size": 0.9,
                                    "sizes": []
                                },
                                "menu_typography_font_weight": "500",
                                "color_menu_item": "#FFFFFF",
                                "color_menu_item_hover": "#D3D3D3",
                                "dropdown_border_radius": {
                                    "unit": "px",
                                    "top": "6",
                                    "right": "6",
                                    "bottom": "6",
                                    "left": "6",
                                    "isLinked": true
                                },
                                "dropdown_box_shadow_box_shadow_type": "yes",
                                "dropdown_box_shadow_box_shadow": {
                                    "horizontal": 5,
                                    "vertical": 5,
                                    "blur": 70,
                                    "spread": 0,
                                    "color": "rgba(0, 0, 0, 0.1)"
                                },
                                "padding_horizontal_dropdown_item": {
                                    "unit": "px",
                                    "size": 20,
                                    "sizes": []
                                },
                                "padding_vertical_dropdown_item": {
                                    "unit": "px",
                                    "size": 18,
                                    "sizes": []
                                },
                                "divider_border_color": "#EEEEEE",
                                "_margin": {
                                    "unit": "%",
                                    "top": "",
                                    "right": "",
                                    "bottom": "",
                                    "left": "",
                                    "isLinked": false
                                },
                                "_position": "absolute",
                                "hamburger_menu_align_tablet": "flex-end",
                                "resp_align": "right",
                                "full_width_dropdown": "",
                                "_element_custom_width_tablet": {
                                    "unit": "px",
                                    "size": 40,
                                    "sizes": []
                                },
                                "_element_vertical_align_mobile": "center",
                                "_offset_orientation_h": "end",
                                "_offset_x_end_tablet": {
                                    "unit": "px",
                                    "size": 30,
                                    "sizes": []
                                },
                                "_offset_x_end_mobile": {
                                    "size": 17,
                                    "unit": "px"
                                },
                                "_offset_y_tablet": {
                                    "unit": "px",
                                    "size": 5,
                                    "sizes": []
                                },
                                "_offset_y_mobile": {
                                    "size": -2,
                                    "unit": "px"
                                },
                                "color_dropdown_item": "#2D2D2D",
                                "background_color_dropdown_item": "#FFFFFF",
                                "color_dropdown_item_hover": "#0B36FB",
                                "toggle_color": "#FFFFFF",
                                "toggle_hover_color": "#E6E6E6"
                            },
                            "elements": [],
                            "isInner": false,
                            "widgetType": "navigation-menu",
                            "elType": "widget"
                        }
                    ],
                    "isInner": false,
                    "elType": "column"
                },
                {
                    "id": "53b6104a",
                    "settings": {
                        "_column_size": 33,
                        "_inline_size": 13.818,
                        "content_position": "center",
                        "padding": {
                            "unit": "px",
                            "top": "0",
                            "right": "0",
                            "bottom": "0",
                            "left": "0",
                            "isLinked": false
                        },
                        "_inline_size_tablet": 23,
                        "_inline_size_mobile": 100,
                        "content_position_tablet": "top"
                    },
                    "elements": [
                        {
                            "id": "701c8dbb",
                            "settings": {
                                "text": "Get veApp",
                                "text_padding": {
                                    "unit": "px",
                                    "top": "15",
                                    "right": "30",
                                    "bottom": "15",
                                    "left": "30",
                                    "isLinked": false
                                },
                                "align": "right",
                                "hide_mobile": "hidden-phone",
                                "link": {
                                    "url": "#",
                                    "is_external": "on",
                                    "nofollow": "",
                                    "custom_attributes": ""
                                },
                                "align_tablet": "center",
                                "button_text_color": "#0030FF",
                                "background_color": "#FFFFFF",
                                "button_background_hover_color": "rgba(255, 255, 255, 0.94)"
                            },
                            "elements": [],
                            "isInner": false,
                            "widgetType": "button",
                            "elType": "widget"
                        }
                    ],
                    "isInner": false,
                    "elType": "column"
                }
            ],
            "isInner": false,
            "elType": "section"
        }
    ]
}