{
    "version": "0.4",
    "title": "Hero v2",
    "type": "section",
    "metadata": {
        "template_type": "section-hero",
        "include_in_zip": "1",
        "elementor_pro_required": null,
        "wp_page_template": "elementor_canvas"
    },
    "content": [
        {
            "id": "7ce8fab2",
            "settings": {
                "padding": {
                    "unit": "px",
                    "top": "120",
                    "right": "0",
                    "bottom": "80",
                    "left": "0",
                    "isLinked": false
                },
                "background_background": "classic",
                "background_color_b": "",
                "background_color_b_stop": {
                    "unit": "%",
                    "size": 80,
                    "sizes": []
                },
                "background_gradient_angle": {
                    "unit": "deg",
                    "size": 150,
                    "sizes": []
                },
                "background_position": "top right",
                "background_repeat": "no-repeat",
                "background_size": "contain",
                "background_motion_fx_motion_fx_mouse": "yes",
                "background_motion_fx_mouseTrack_effect": "yes",
                "background_motion_fx_mouseTrack_speed": {
                    "unit": "px",
                    "size": 0.1,
                    "sizes": []
                },
                "shape_divider_bottom": "tilt",
                "shape_divider_bottom_height": {
                    "unit": "px",
                    "size": 80,
                    "sizes": []
                },
                "background_size_tablet": "contain",
                "padding_tablet": {
                    "unit": "px",
                    "top": "140",
                    "right": "30",
                    "bottom": "0",
                    "left": "30",
                    "isLinked": false
                },
                "background_color": "#0B36FB",
                "shape_divider_bottom_width_mobile": {
                    "unit": "%",
                    "size": 140,
                    "sizes": []
                },
                "shape_divider_bottom_height_mobile": {
                    "unit": "px",
                    "size": 40,
                    "sizes": []
                },
                "shape_divider_bottom_negative": "yes",
                "background_overlay_background": "classic",
                "background_overlay_image": {
                    "url": "https:\/\/kits.pixel-show.com\/veapp\/wp-content\/uploads\/sites\/15\/2020\/04\/circle-min.png",
                    "id": 52
                },
                "background_overlay_position": "top right",
                "background_overlay_repeat": "no-repeat"
            },
            "elements": [
                {
                    "id": "31223cd4",
                    "settings": {
                        "_column_size": 100,
                        "_inline_size": null,
                        "content_position": "center",
                        "margin": {
                            "unit": "%",
                            "top": "",
                            "right": "",
                            "bottom": "",
                            "left": "",
                            "isLinked": false
                        },
                        "_inline_size_tablet": 100,
                        "padding_tablet": {
                            "unit": "px",
                            "top": "0",
                            "right": "0",
                            "bottom": "0",
                            "left": "0",
                            "isLinked": false
                        }
                    },
                    "elements": [
                        {
                            "id": "4061b804",
                            "settings": {
                                "structure": "20"
                            },
                            "elements": [
                                {
                                    "id": "38cc25c4",
                                    "settings": {
                                        "_column_size": 50,
                                        "_inline_size": null,
                                        "content_position": "center",
                                        "padding": {
                                            "unit": "px",
                                            "top": "0",
                                            "right": "60",
                                            "bottom": "90",
                                            "left": "0",
                                            "isLinked": false
                                        },
                                        "_inline_size_tablet": 100,
                                        "margin_tablet": {
                                            "unit": "px",
                                            "top": "0",
                                            "right": "0",
                                            "bottom": "0",
                                            "left": "0",
                                            "isLinked": false
                                        },
                                        "padding_tablet": {
                                            "unit": "px",
                                            "top": "0",
                                            "right": "0",
                                            "bottom": "0",
                                            "left": "0",
                                            "isLinked": false
                                        }
                                    },
                                    "elements": [
                                        {
                                            "id": "7027a4c3",
                                            "settings": {
                                                "title": "We build awesome apps that users love.",
                                                "header_size": "h1",
                                                "typography_line_height": {
                                                    "unit": "em",
                                                    "size": 1.1,
                                                    "sizes": []
                                                },
                                                "typography_font_family": "Heebo",
                                                "align_tablet": "center",
                                                "title_color": "#FFFFFF"
                                            },
                                            "elements": [],
                                            "isInner": false,
                                            "widgetType": "heading",
                                            "elType": "widget"
                                        },
                                        {
                                            "id": "7c14ee26",
                                            "settings": {
                                                "align_tablet": "center",
                                                "text_color": "#FFFFFF"
                                            },
                                            "elements": [],
                                            "isInner": false,
                                            "widgetType": "text-editor",
                                            "elType": "widget"
                                        },
                                        {
                                            "id": "6158e8cb",
                                            "settings": {
                                                "text": "get started now",
                                                "align_tablet": "center",
                                                "align": "left",
                                                "button_text_color": "#0030FF",
                                                "background_color": "#FFFFFF",
                                                "button_background_hover_color": "rgba(255, 255, 255, 0.94)"
                                            },
                                            "elements": [],
                                            "isInner": false,
                                            "widgetType": "button",
                                            "elType": "widget"
                                        }
                                    ],
                                    "isInner": true,
                                    "elType": "column"
                                },
                                {
                                    "id": "720a3918",
                                    "settings": {
                                        "_column_size": 50,
                                        "_inline_size": null,
                                        "padding": {
                                            "unit": "px",
                                            "top": "0",
                                            "right": "0",
                                            "bottom": "0",
                                            "left": "0",
                                            "isLinked": true
                                        },
                                        "_inline_size_tablet": 100
                                    },
                                    "elements": [
                                        {
                                            "id": "2f2dadd6",
                                            "settings": {
                                                "image": {
                                                    "url": "https:\/\/kits.pixel-show.com\/veapp\/wp-content\/uploads\/sites\/15\/2020\/04\/iphone-11-angle-3-min-1.png",
                                                    "id": 102
                                                },
                                                "align": "center",
                                                "align_tablet": "center",
                                                "width": {
                                                    "unit": "px",
                                                    "size": 400,
                                                    "sizes": []
                                                },
                                                "_margin_mobile": {
                                                    "unit": "px",
                                                    "top": "0",
                                                    "right": "0",
                                                    "bottom": "0",
                                                    "left": "-30",
                                                    "isLinked": false
                                                },
                                                "_margin": {
                                                    "unit": "px",
                                                    "top": "-40",
                                                    "right": "0",
                                                    "bottom": "0",
                                                    "left": "0",
                                                    "isLinked": false
                                                },
                                                "_margin_tablet": {
                                                    "unit": "px",
                                                    "top": "20",
                                                    "right": "0",
                                                    "bottom": "0",
                                                    "left": "0",
                                                    "isLinked": false
                                                },
                                                "motion_fx_motion_fx_mouse": "yes",
                                                "motion_fx_mouseTrack_effect": "yes",
                                                "motion_fx_mouseTrack_speed": {
                                                    "unit": "px",
                                                    "size": 0.05,
                                                    "sizes": []
                                                },
                                                "_animation": "fadeIn"
                                            },
                                            "elements": [],
                                            "isInner": false,
                                            "widgetType": "image",
                                            "elType": "widget"
                                        }
                                    ],
                                    "isInner": true,
                                    "elType": "column"
                                }
                            ],
                            "isInner": true,
                            "elType": "section"
                        }
                    ],
                    "isInner": false,
                    "elType": "column"
                }
            ],
            "isInner": false,
            "elType": "section"
        }
    ]
}