{
    "version": "0.4",
    "title": "Hero 1",
    "type": "section",
    "metadata": {
        "template_type": "section-hero",
        "include_in_zip": "1",
        "elementor_pro_required": null,
        "wp_page_template": "elementor_canvas"
    },
    "content": [
        {
            "id": "45f18576",
            "settings": {
                "structure": "20",
                "padding": {
                    "unit": "px",
                    "top": "120",
                    "right": "0",
                    "bottom": "80",
                    "left": "0",
                    "isLinked": false
                },
                "background_background": "classic",
                "background_color_b": "rgba(255, 255, 255, 0)",
                "background_gradient_angle": {
                    "unit": "deg",
                    "size": 190,
                    "sizes": []
                },
                "background_position": "top right",
                "background_repeat": "no-repeat",
                "background_size": "cover",
                "background_motion_fx_mouseTrack_speed": {
                    "unit": "px",
                    "size": 0.1,
                    "sizes": []
                },
                "shape_divider_bottom": "tilt",
                "shape_divider_bottom_height": {
                    "unit": "px",
                    "size": 80,
                    "sizes": []
                },
                "background_size_tablet": "contain",
                "padding_tablet": {
                    "unit": "px",
                    "top": "140",
                    "right": "30",
                    "bottom": "0",
                    "left": "30",
                    "isLinked": false
                },
                "background_color": "#254EFF",
                "background_color_stop": {
                    "unit": "%",
                    "size": 30,
                    "sizes": []
                },
                "background_overlay_background": "classic",
                "background_overlay_color_stop": {
                    "unit": "%",
                    "size": 33,
                    "sizes": []
                },
                "background_overlay_color_b": "rgba(255, 255, 255, 0)",
                "background_overlay_color_b_stop": {
                    "unit": "%",
                    "size": 0,
                    "sizes": []
                },
                "background_overlay_gradient_angle": {
                    "unit": "deg",
                    "size": 190,
                    "sizes": []
                },
                "background_overlay_image": {
                    "url": "https:\/\/kits.pixel-show.com\/veapp\/wp-content\/uploads\/sites\/15\/2020\/04\/back-3-min.png",
                    "id": 56
                },
                "background_overlay_position": "top right",
                "background_overlay_repeat": "no-repeat",
                "background_overlay_repeat_tablet": "no-repeat",
                "background_overlay_size_tablet": "cover",
                "background_overlay_opacity": {
                    "unit": "px",
                    "size": 1,
                    "sizes": []
                },
                "overlay_blend_mode": "color-dodge"
            },
            "elements": [
                {
                    "id": "74037977",
                    "settings": {
                        "_column_size": 50,
                        "_inline_size": null,
                        "content_position": "center",
                        "margin": {
                            "unit": "%",
                            "top": "",
                            "right": "",
                            "bottom": "",
                            "left": "",
                            "isLinked": false
                        },
                        "_inline_size_tablet": 100
                    },
                    "elements": [
                        {
                            "id": "4f2477df",
                            "settings": {
                                "title": "Make cool Landing pages with veApp\n",
                                "header_size": "h1",
                                "typography_line_height": {
                                    "unit": "em",
                                    "size": 1.1,
                                    "sizes": []
                                },
                                "typography_font_family": "Heebo",
                                "align_tablet": "center",
                                "title_color": "#FFFFFF"
                            },
                            "elements": [],
                            "isInner": false,
                            "widgetType": "heading",
                            "elType": "widget"
                        },
                        {
                            "id": "5d185593",
                            "settings": {
                                "align_tablet": "center",
                                "text_color": "#FFFFFF"
                            },
                            "elements": [],
                            "isInner": false,
                            "widgetType": "text-editor",
                            "elType": "widget"
                        },
                        {
                            "id": "373d109e",
                            "settings": {
                                "text": "get started now",
                                "align_tablet": "center",
                                "align_mobile": "justify",
                                "align": "left",
                                "button_text_color": "#0030FF",
                                "background_color": "#FFFFFF",
                                "button_background_hover_color": "rgba(255, 255, 255, 0.94)"
                            },
                            "elements": [],
                            "isInner": false,
                            "widgetType": "button",
                            "elType": "widget"
                        }
                    ],
                    "isInner": false,
                    "elType": "column"
                },
                {
                    "id": "7b8ee134",
                    "settings": {
                        "_column_size": 50,
                        "_inline_size": null,
                        "margin": {
                            "unit": "px",
                            "top": "0",
                            "right": "0",
                            "bottom": "0",
                            "left": "60",
                            "isLinked": false
                        },
                        "_inline_size_tablet": 100,
                        "margin_tablet": {
                            "unit": "px",
                            "top": "50",
                            "right": "0",
                            "bottom": "0",
                            "left": "0",
                            "isLinked": false
                        }
                    },
                    "elements": [
                        {
                            "id": "429c49c5",
                            "settings": {
                                "image": {
                                    "url": "https:\/\/kits.pixel-show.com\/veapp\/wp-content\/uploads\/sites\/15\/2020\/04\/home-1-app-min-1.png",
                                    "id": 307
                                },
                                "width": {
                                    "unit": "px",
                                    "size": 440,
                                    "sizes": []
                                },
                                "_z_index": 1,
                                "align_tablet": "center",
                                "width_tablet": {
                                    "unit": "px",
                                    "size": 300,
                                    "sizes": []
                                },
                                "image_size": "full",
                                "_animation": "fadeIn"
                            },
                            "elements": [],
                            "isInner": false,
                            "widgetType": "image",
                            "elType": "widget"
                        }
                    ],
                    "isInner": false,
                    "elType": "column"
                }
            ],
            "isInner": false,
            "elType": "section"
        }
    ]
}