{
    "version": "0.4",
    "title": "Hero v4",
    "type": "section",
    "metadata": {
        "template_type": "section-hero",
        "include_in_zip": "1",
        "elementor_pro_required": null,
        "wp_page_template": "elementor_canvas"
    },
    "content": [
        {
            "id": "7f8b156e",
            "settings": {
                "padding": {
                    "unit": "px",
                    "top": "120",
                    "right": "0",
                    "bottom": "0",
                    "left": "0",
                    "isLinked": false
                },
                "background_background": "classic",
                "background_color_b": "",
                "background_color_b_stop": {
                    "unit": "%",
                    "size": 80,
                    "sizes": []
                },
                "background_gradient_angle": {
                    "unit": "deg",
                    "size": 150,
                    "sizes": []
                },
                "background_image": {
                    "url": "https:\/\/kits.pixel-show.com\/veapp\/wp-content\/uploads\/sites\/15\/2020\/04\/back-3-min.png",
                    "id": 56
                },
                "background_position": "top right",
                "background_repeat": "no-repeat",
                "background_size": "cover",
                "background_motion_fx_motion_fx_mouse": "yes",
                "background_motion_fx_mouseTrack_effect": "yes",
                "background_motion_fx_mouseTrack_speed": {
                    "unit": "px",
                    "size": 0.1,
                    "sizes": []
                },
                "background_overlay_color": "#0B36FB",
                "shape_divider_bottom_height": {
                    "unit": "px",
                    "size": 80,
                    "sizes": []
                },
                "background_size_tablet": "contain",
                "padding_tablet": {
                    "unit": "px",
                    "top": "140",
                    "right": "30",
                    "bottom": "0",
                    "left": "30",
                    "isLinked": false
                },
                "background_color": "#0B36FB",
                "height": "min-height",
                "custom_height": {
                    "unit": "vh",
                    "size": 60,
                    "sizes": []
                },
                "background_overlay_color_b": "#545971",
                "background_overlay_gradient_angle": {
                    "unit": "deg",
                    "size": 210,
                    "sizes": []
                },
                "background_overlay_size": "contain",
                "background_overlay_opacity": {
                    "unit": "px",
                    "size": 1,
                    "sizes": []
                },
                "overlay_blend_mode": "darken"
            },
            "elements": [
                {
                    "id": "491e8deb",
                    "settings": {
                        "_column_size": 100,
                        "_inline_size": null,
                        "content_position": "center",
                        "margin": {
                            "unit": "%",
                            "top": "",
                            "right": "",
                            "bottom": "",
                            "left": "",
                            "isLinked": false
                        },
                        "_inline_size_tablet": 100,
                        "padding": {
                            "unit": "px",
                            "top": "0",
                            "right": "0",
                            "bottom": "0",
                            "left": "0",
                            "isLinked": false
                        }
                    },
                    "elements": [
                        {
                            "id": "33fddf30",
                            "settings": {
                                "content_width": {
                                    "unit": "px",
                                    "size": 700,
                                    "sizes": []
                                }
                            },
                            "elements": [
                                {
                                    "id": "31957cf0",
                                    "settings": {
                                        "_column_size": 100,
                                        "_inline_size": null
                                    },
                                    "elements": [
                                        {
                                            "id": "5a05f312",
                                            "settings": {
                                                "title": "Awesome App for your Modern Lifestyle",
                                                "header_size": "h1",
                                                "typography_line_height": {
                                                    "unit": "em",
                                                    "size": 1.1,
                                                    "sizes": []
                                                },
                                                "typography_font_family": "Heebo",
                                                "align_tablet": "center",
                                                "align": "center",
                                                "title_color": "#FFFFFF"
                                            },
                                            "elements": [],
                                            "isInner": false,
                                            "widgetType": "heading",
                                            "elType": "widget"
                                        },
                                        {
                                            "id": "1b51c118",
                                            "settings": {
                                                "align_tablet": "center",
                                                "align": "center",
                                                "text_color": "#FFFFFF"
                                            },
                                            "elements": [],
                                            "isInner": false,
                                            "widgetType": "text-editor",
                                            "elType": "widget"
                                        },
                                        {
                                            "id": "42e0b458",
                                            "settings": {
                                                "text": "get started now",
                                                "align_tablet": "center",
                                                "align": "center",
                                                "button_text_color": "#0030FF",
                                                "background_color": "#FFFFFF",
                                                "button_background_hover_color": "rgba(255, 255, 255, 0.94)",
                                                "_margin": {
                                                    "unit": "px",
                                                    "top": "0",
                                                    "right": "0",
                                                    "bottom": "40",
                                                    "left": "0",
                                                    "isLinked": false
                                                }
                                            },
                                            "elements": [],
                                            "isInner": false,
                                            "widgetType": "button",
                                            "elType": "widget"
                                        }
                                    ],
                                    "isInner": true,
                                    "elType": "column"
                                }
                            ],
                            "isInner": true,
                            "elType": "section"
                        },
                        {
                            "id": "7d496712",
                            "settings": {
                                "image": {
                                    "url": "https:\/\/kits.pixel-show.com\/veapp\/wp-content\/uploads\/sites\/15\/2020\/04\/iPhone-11-Pro-Mockups-vol-01-04-min.png",
                                    "id": 151
                                },
                                "width": {
                                    "unit": "px",
                                    "size": 400,
                                    "sizes": []
                                }
                            },
                            "elements": [],
                            "isInner": false,
                            "widgetType": "image",
                            "elType": "widget"
                        }
                    ],
                    "isInner": false,
                    "elType": "column"
                }
            ],
            "isInner": false,
            "elType": "section"
        }
    ]
}