{
    "version": "0.4",
    "title": "Hero v6",
    "type": "section",
    "metadata": {
        "template_type": "section-hero",
        "include_in_zip": "1",
        "elementor_pro_required": null,
        "wp_page_template": "elementor_canvas"
    },
    "content": [
        {
            "id": "6d9936d4",
            "settings": {
                "structure": "20",
                "padding": {
                    "unit": "px",
                    "top": "120",
                    "right": "0",
                    "bottom": "40",
                    "left": "0",
                    "isLinked": false
                },
                "background_background": "classic",
                "background_color_b": "rgba(255, 255, 255, 0)",
                "background_gradient_angle": {
                    "unit": "deg",
                    "size": 190,
                    "sizes": []
                },
                "background_position": "top right",
                "background_repeat": "no-repeat",
                "background_size": "cover",
                "background_motion_fx_mouseTrack_speed": {
                    "unit": "px",
                    "size": 0.1,
                    "sizes": []
                },
                "shape_divider_bottom_height": {
                    "unit": "px",
                    "size": 80,
                    "sizes": []
                },
                "background_size_tablet": "contain",
                "padding_tablet": {
                    "unit": "px",
                    "top": "140",
                    "right": "30",
                    "bottom": "0",
                    "left": "30",
                    "isLinked": false
                },
                "background_color": "#254EFF",
                "background_color_stop": {
                    "unit": "%",
                    "size": 30,
                    "sizes": []
                },
                "background_overlay_background": "classic",
                "background_overlay_color_stop": {
                    "unit": "%",
                    "size": 33,
                    "sizes": []
                },
                "background_overlay_color_b": "rgba(255, 255, 255, 0)",
                "background_overlay_color_b_stop": {
                    "unit": "%",
                    "size": 0,
                    "sizes": []
                },
                "background_overlay_gradient_angle": {
                    "unit": "deg",
                    "size": 190,
                    "sizes": []
                },
                "background_overlay_image": {
                    "url": "https:\/\/kits.pixel-show.com\/veapp\/wp-content\/uploads\/sites\/15\/2020\/05\/lines.png",
                    "id": 692
                },
                "background_overlay_position": "center center",
                "background_overlay_repeat": "repeat-y",
                "background_overlay_repeat_tablet": "no-repeat",
                "background_overlay_size_tablet": "cover",
                "background_overlay_opacity": {
                    "unit": "px",
                    "size": 0.15,
                    "sizes": []
                },
                "background_overlay_size": "cover",
                "margin": {
                    "unit": "px",
                    "top": "0",
                    "right": 0,
                    "bottom": "60",
                    "left": 0,
                    "isLinked": false
                },
                "css_filters_blur": {
                    "unit": "px",
                    "size": 0.2,
                    "sizes": []
                },
                "shape_divider_bottom": "tilt"
            },
            "elements": [
                {
                    "id": "3c0a4292",
                    "settings": {
                        "_column_size": 50,
                        "_inline_size": null,
                        "content_position": "center",
                        "margin": {
                            "unit": "%",
                            "top": "",
                            "right": "",
                            "bottom": "",
                            "left": "",
                            "isLinked": false
                        },
                        "_inline_size_tablet": 100,
                        "padding": {
                            "unit": "px",
                            "top": "20",
                            "right": "60",
                            "bottom": "50",
                            "left": "0",
                            "isLinked": false
                        },
                        "margin_tablet": {
                            "unit": "px",
                            "top": "0",
                            "right": "0",
                            "bottom": "0",
                            "left": "0",
                            "isLinked": false
                        },
                        "padding_tablet": {
                            "unit": "px",
                            "top": "0",
                            "right": "0",
                            "bottom": "0",
                            "left": "0",
                            "isLinked": false
                        }
                    },
                    "elements": [
                        {
                            "id": "60cd4851",
                            "settings": {
                                "content_width": {
                                    "unit": "px",
                                    "size": 700,
                                    "sizes": []
                                }
                            },
                            "elements": [
                                {
                                    "id": "592801c4",
                                    "settings": {
                                        "_column_size": 100,
                                        "_inline_size": null
                                    },
                                    "elements": [
                                        {
                                            "id": "6b34b209",
                                            "settings": {
                                                "title": "Make cool Landing pages with veApp\n",
                                                "header_size": "h1",
                                                "typography_line_height": {
                                                    "unit": "em",
                                                    "size": 1.1,
                                                    "sizes": []
                                                },
                                                "typography_font_family": "Heebo",
                                                "align_tablet": "center",
                                                "title_color": "#FFFFFF",
                                                "align": "left"
                                            },
                                            "elements": [],
                                            "isInner": false,
                                            "widgetType": "heading",
                                            "elType": "widget"
                                        },
                                        {
                                            "id": "12a039f0",
                                            "settings": {
                                                "align_tablet": "center",
                                                "text_color": "#FFFFFF",
                                                "align": "left"
                                            },
                                            "elements": [],
                                            "isInner": false,
                                            "widgetType": "text-editor",
                                            "elType": "widget"
                                        },
                                        {
                                            "id": "54b108",
                                            "settings": {
                                                "text": "get started now",
                                                "align_tablet": "center",
                                                "align_mobile": "justify",
                                                "align": "left",
                                                "button_text_color": "#0030FF",
                                                "background_color": "#FFFFFF",
                                                "button_background_hover_color": "rgba(255, 255, 255, 0.94)"
                                            },
                                            "elements": [],
                                            "isInner": false,
                                            "widgetType": "button",
                                            "elType": "widget"
                                        }
                                    ],
                                    "isInner": true,
                                    "elType": "column"
                                }
                            ],
                            "isInner": true,
                            "elType": "section"
                        }
                    ],
                    "isInner": false,
                    "elType": "column"
                },
                {
                    "id": "3e951b05",
                    "settings": {
                        "_column_size": 50,
                        "_inline_size": null,
                        "content_position": "center",
                        "padding": {
                            "unit": "px",
                            "top": "0",
                            "right": "0",
                            "bottom": "0",
                            "left": "0",
                            "isLinked": false
                        },
                        "_inline_size_tablet": 100
                    },
                    "elements": [
                        {
                            "id": "2a80e7b5",
                            "settings": {
                                "image": {
                                    "url": "https:\/\/kits.pixel-show.com\/veapp\/wp-content\/uploads\/sites\/15\/2020\/05\/2-iPhone-min.png",
                                    "id": 707
                                },
                                "image_size": "full",
                                "width": {
                                    "unit": "px",
                                    "size": 500,
                                    "sizes": []
                                },
                                "image_border_radius": {
                                    "unit": "px",
                                    "top": "0",
                                    "right": "0",
                                    "bottom": "0",
                                    "left": "0",
                                    "isLinked": true
                                },
                                "width_tablet": {
                                    "unit": "px",
                                    "size": 400,
                                    "sizes": []
                                },
                                "_margin": {
                                    "unit": "px",
                                    "top": "30",
                                    "right": "0",
                                    "bottom": "-100",
                                    "left": "0",
                                    "isLinked": false
                                },
                                "_margin_tablet": {
                                    "unit": "px",
                                    "top": "30",
                                    "right": "0",
                                    "bottom": "100",
                                    "left": "0",
                                    "isLinked": false
                                }
                            },
                            "elements": [],
                            "isInner": false,
                            "widgetType": "image",
                            "elType": "widget"
                        }
                    ],
                    "isInner": false,
                    "elType": "column"
                }
            ],
            "isInner": false,
            "elType": "section"
        }
    ]
}