{
    "version": "0.4",
    "title": "Hero v3",
    "type": "section",
    "metadata": {
        "template_type": "section-hero",
        "include_in_zip": "1",
        "elementor_pro_required": null,
        "wp_page_template": "elementor_canvas"
    },
    "content": [
        {
            "id": "15d8ee1e",
            "settings": {
                "structure": "20",
                "padding": {
                    "unit": "px",
                    "top": "120",
                    "right": "0",
                    "bottom": "0",
                    "left": "0",
                    "isLinked": false
                },
                "background_background": "gradient",
                "background_color_b": "#009AFF",
                "background_color_b_stop": {
                    "unit": "%",
                    "size": 80,
                    "sizes": []
                },
                "background_gradient_angle": {
                    "unit": "deg",
                    "size": 220,
                    "sizes": []
                },
                "background_position": "top right",
                "background_repeat": "no-repeat",
                "background_size": "cover",
                "background_motion_fx_mouseTrack_speed": {
                    "unit": "px",
                    "size": 0.1,
                    "sizes": []
                },
                "background_overlay_color": "#0B36FB",
                "shape_divider_bottom": "waves",
                "shape_divider_bottom_height": {
                    "unit": "px",
                    "size": 80,
                    "sizes": []
                },
                "background_size_tablet": "contain",
                "padding_tablet": {
                    "unit": "px",
                    "top": "140",
                    "right": "30",
                    "bottom": "0",
                    "left": "30",
                    "isLinked": false
                },
                "background_color": "#1700FF",
                "shape_divider_bottom_height_mobile": {
                    "unit": "px",
                    "size": 0,
                    "sizes": []
                },
                "shape_divider_bottom_above_content": "yes",
                "shape_divider_bottom_flip": "yes",
                "shape_divider_bottom_negative": "yes",
                "shape_divider_bottom_height_tablet": {
                    "unit": "px",
                    "size": 0,
                    "sizes": []
                }
            },
            "elements": [
                {
                    "id": "4b4f0e32",
                    "settings": {
                        "_column_size": 50,
                        "_inline_size": null,
                        "content_position": "center",
                        "margin": {
                            "unit": "px",
                            "top": "0",
                            "right": "0",
                            "bottom": "60",
                            "left": "0",
                            "isLinked": false
                        },
                        "_inline_size_tablet": 100,
                        "margin_tablet": {
                            "unit": "px",
                            "top": "0",
                            "right": "0",
                            "bottom": "0",
                            "left": "0",
                            "isLinked": false
                        }
                    },
                    "elements": [
                        {
                            "id": "28bc8d21",
                            "settings": {
                                "title": "Make cool Landing pages with veApp\n",
                                "header_size": "h1",
                                "typography_line_height": {
                                    "unit": "em",
                                    "size": 1.1,
                                    "sizes": []
                                },
                                "typography_font_family": "Heebo",
                                "align_tablet": "center",
                                "align": "left",
                                "title_color": "#FFFFFF"
                            },
                            "elements": [],
                            "isInner": false,
                            "widgetType": "heading",
                            "elType": "widget"
                        },
                        {
                            "id": "4ba0fd5c",
                            "settings": {
                                "align_tablet": "center",
                                "align": "left",
                                "text_color": "#FFFFFF"
                            },
                            "elements": [],
                            "isInner": false,
                            "widgetType": "text-editor",
                            "elType": "widget"
                        },
                        {
                            "id": "4a8845b4",
                            "settings": {
                                "text": "Start 14-Day Free Trial",
                                "align_tablet": "center",
                                "align": "left",
                                "button_text_color": "#0030FF",
                                "background_color": "#FFFFFF",
                                "button_background_hover_color": "rgba(255, 255, 255, 0.94)",
                                "align_mobile": "justify"
                            },
                            "elements": [],
                            "isInner": false,
                            "widgetType": "button",
                            "elType": "widget"
                        }
                    ],
                    "isInner": false,
                    "elType": "column"
                },
                {
                    "id": "3376c37d",
                    "settings": {
                        "_column_size": 50,
                        "_inline_size": null,
                        "_inline_size_tablet": 100,
                        "content_position": "bottom",
                        "padding": {
                            "unit": "px",
                            "top": "0",
                            "right": "0",
                            "bottom": "0",
                            "left": "0",
                            "isLinked": false
                        }
                    },
                    "elements": [
                        {
                            "id": "4f727757",
                            "settings": {
                                "image": {
                                    "url": "https:\/\/kits.pixel-show.com\/veapp\/wp-content\/uploads\/sites\/15\/2020\/04\/hand-min.png",
                                    "id": 110
                                },
                                "image_size": "full",
                                "align_tablet": "center",
                                "width": {
                                    "unit": "px",
                                    "size": 400,
                                    "sizes": []
                                },
                                "_margin_tablet": {
                                    "unit": "px",
                                    "top": "50",
                                    "right": "0",
                                    "bottom": "0",
                                    "left": "0",
                                    "isLinked": false
                                }
                            },
                            "elements": [],
                            "isInner": false,
                            "widgetType": "image",
                            "elType": "widget"
                        }
                    ],
                    "isInner": false,
                    "elType": "column"
                }
            ],
            "isInner": false,
            "elType": "section"
        }
    ]
}