{
    "version": "0.4",
    "title": "Page: 404 Error",
    "type": "section",
    "metadata": {
        "template_type": "single-404",
        "include_in_zip": "1",
        "elementor_pro_required": null,
        "wp_page_template": "elementor_canvas"
    },
    "content": [
        {
            "id": "54b87525",
            "settings": {
                "padding": {
                    "unit": "em",
                    "top": "0",
                    "right": "0",
                    "bottom": "0",
                    "left": "0",
                    "isLinked": false
                },
                "background_background": "gradient",
                "background_color_b": "#5A12E7",
                "background_color_b_stop": {
                    "unit": "%",
                    "size": 80,
                    "sizes": []
                },
                "background_gradient_angle": {
                    "unit": "deg",
                    "size": 200,
                    "sizes": []
                },
                "background_position": "top right",
                "background_repeat": "no-repeat",
                "background_size": "cover",
                "background_motion_fx_mouseTrack_effect": "yes",
                "background_motion_fx_mouseTrack_speed": {
                    "unit": "px",
                    "size": 0.1,
                    "sizes": []
                },
                "shape_divider_bottom_height": {
                    "unit": "px",
                    "size": 80,
                    "sizes": []
                },
                "background_size_tablet": "contain",
                "padding_tablet": {
                    "unit": "px",
                    "top": "0",
                    "right": "30",
                    "bottom": "0",
                    "left": "30",
                    "isLinked": false
                },
                "content_width": {
                    "unit": "px",
                    "size": 600,
                    "sizes": []
                },
                "background_color": "#0B36FB",
                "height": "min-height",
                "custom_height": {
                    "unit": "vh",
                    "size": 100,
                    "sizes": []
                },
                "custom_height_tablet": {
                    "unit": "vh",
                    "size": 100,
                    "sizes": []
                },
                "custom_height_mobile": {
                    "unit": "vh",
                    "size": 100,
                    "sizes": []
                },
                "background_overlay_background": "classic",
                "background_overlay_color_b": "#5A12E7",
                "background_overlay_color_b_stop": {
                    "unit": "%",
                    "size": 80,
                    "sizes": []
                },
                "background_overlay_gradient_angle": {
                    "unit": "deg",
                    "size": 200,
                    "sizes": []
                },
                "background_overlay_image": {
                    "url": "https:\/\/kits.pixel-show.com\/veapp\/wp-content\/uploads\/sites\/15\/2020\/04\/back-3-min.png",
                    "id": 56
                },
                "background_overlay_position": "top left",
                "background_overlay_repeat": "no-repeat",
                "background_overlay_size": "contain",
                "overlay_blend_mode": "color-dodge",
                "padding_mobile": {
                    "unit": "px",
                    "top": "0",
                    "right": "20",
                    "bottom": "0",
                    "left": "20",
                    "isLinked": false
                }
            },
            "elements": [
                {
                    "id": "7243c987",
                    "settings": {
                        "_column_size": 100,
                        "_inline_size": null,
                        "content_position": "center",
                        "margin": {
                            "unit": "%",
                            "top": "",
                            "right": "",
                            "bottom": "",
                            "left": "",
                            "isLinked": false
                        },
                        "_inline_size_tablet": 100
                    },
                    "elements": [
                        {
                            "id": "319b47c",
                            "settings": {
                                "title": "404",
                                "header_size": "h1",
                                "typography_line_height": {
                                    "unit": "em",
                                    "size": 1.1,
                                    "sizes": []
                                },
                                "typography_font_family": "Raleway",
                                "align_tablet": "center",
                                "align": "center",
                                "title_color": "#FFFFFF",
                                "typography_typography": "custom",
                                "typography_font_size": {
                                    "unit": "em",
                                    "size": 14,
                                    "sizes": []
                                },
                                "typography_font_size_tablet": {
                                    "unit": "em",
                                    "size": 10,
                                    "sizes": []
                                },
                                "typography_font_size_mobile": {
                                    "unit": "em",
                                    "size": 6,
                                    "sizes": []
                                }
                            },
                            "elements": [],
                            "isInner": false,
                            "widgetType": "heading",
                            "elType": "widget"
                        },
                        {
                            "id": "296e5327",
                            "settings": {
                                "title": "Page not found\n",
                                "align": "center",
                                "title_color": "#FFFFFF",
                                "typography_typography": "custom",
                                "typography_font_size": {
                                    "unit": "em",
                                    "size": 1,
                                    "sizes": []
                                },
                                "typography_text_transform": "uppercase",
                                "typography_letter_spacing": {
                                    "unit": "px",
                                    "size": 10,
                                    "sizes": []
                                }
                            },
                            "elements": [],
                            "isInner": false,
                            "widgetType": "heading",
                            "elType": "widget"
                        },
                        {
                            "id": "74afccb7",
                            "settings": {
                                "align_tablet": "center",
                                "align": "center",
                                "text_color": "#FFFFFF",
                                "editor": "We\u2019re sorry, the page you have looked for does not exist in our database! Maybe go to our home page or try to use a search?"
                            },
                            "elements": [],
                            "isInner": false,
                            "widgetType": "text-editor",
                            "elType": "widget"
                        },
                        {
                            "id": "279827a2",
                            "settings": {
                                "text": "Go back to home",
                                "align": "center",
                                "button_text_color": "#0030FF",
                                "background_color": "#FFFFFF",
                                "button_background_hover_color": "rgba(255, 255, 255, 0.94)",
                                "align_tablet": "center"
                            },
                            "elements": [],
                            "isInner": false,
                            "widgetType": "button",
                            "elType": "widget"
                        }
                    ],
                    "isInner": false,
                    "elType": "column"
                }
            ],
            "isInner": false,
            "elType": "section"
        }
    ]
}